{"cameraMode":{"drawMode":0,"name":"Shaded","section":"Shading Mode"},"sceneLighting":true,"audioPlay":false,"sceneViewState":{"showFog":true,"showMaterialUpdate":false,"showSkybox":true,"showFlares":true,"showImageEffects":true,"showParticleSystems":true},"in2DMode":false,"pivot":{"x":-0.040000200271606448,"y":0.38700008392333987,"z":0.8049999475479126},"rotation":{"x":-0.04192986711859703,"y":0.05242960900068283,"z":0.002203255658969283,"w":0.9977430105209351},"size":6.5380144119262699,"orthographic":false}