{"cameraMode":{"drawMode":0,"name":"Shaded","section":"Shading Mode"},"sceneLighting":true,"audioPlay":false,"sceneViewState":{"showFog":true,"showMaterialUpdate":false,"showSkybox":true,"showFlares":true,"showImageEffects":true,"showParticleSystems":true},"in2DMode":false,"pivot":{"x":177.35791015625,"y":344.9906921386719,"z":-20.461044311523439},"rotation":{"x":-0.04192986711859703,"y":0.05242960900068283,"z":0.002203255658969283,"w":0.9977430105209351},"size":232.1935272216797,"orthographic":false}